campaign,current_weekly_spend,optimised_weekly_spend,change_pct,a,b,r2_train,mape_holdout
Google Search - Hotels TH,7205.0,6638.0,-7.9,4.628,0.639,0.873,0.11
Google Search - Hotels SG,8043.0,5630.0,-30.0,1.924,0.64,0.835,0.115
Google Search - Flights,8562.0,12844.0,50.0,2.416,0.725,0.858,0.105
Google Search - Brand,6967.0,4877.0,-30.0,1.074,0.726,0.864,0.076
Bing Search - Hotels TH,8832.0,6182.0,-30.0,2.133,0.481,0.529,0.096
Bing Search - Hotels SG,6099.0,8731.0,43.2,1.636,0.748,0.846,0.096
Bing Search - Flights,17033.0,15053.0,-11.6,2.215,0.733,0.87,0.14
Bing Search - Brand,7206.0,10809.0,50.0,1.216,0.794,0.9,0.104
Meta Display - Prospecting,7439.0,5207.0,-30.0,1.34,0.569,0.848,0.187
Meta Display - Retargeting,5388.0,3772.0,-30.0,1.015,0.666,0.872,0.103
YouTube Video - Awareness,11460.0,8022.0,-30.0,3.715,0.555,0.822,0.1
Google Display - Remarketing,12939.0,19409.0,50.0,3.964,0.736,0.837,0.077
