campaign,channel,week,spend,conversions
Google Search - Hotels TH,Google Search,1,4192.603015400996,883.7604386057661
Google Search - Hotels TH,Google Search,2,7680.590922889621,1448.6957005897864
Google Search - Hotels TH,Google Search,3,5170.939180800667,1152.1636343040082
Google Search - Hotels TH,Google Search,4,9638.608695305895,1797.5897965757376
Google Search - Hotels TH,Google Search,5,7291.6988727722555,1509.1603576436044
Google Search - Hotels TH,Google Search,6,11281.453119416927,1886.07878713769
Google Search - Hotels TH,Google Search,7,9945.77522696715,1656.4589518987746
Google Search - Hotels TH,Google Search,8,6032.964322116567,1203.862088881487
Google Search - Hotels TH,Google Search,9,11277.232687101008,1558.2577155887673
Google Search - Hotels TH,Google Search,10,10999.880535335966,1575.2971066288653
Google Search - Hotels TH,Google Search,11,6790.631742817286,1129.3718996345283
Google Search - Hotels TH,Google Search,12,5790.482690898796,1046.9264009263445
Google Search - Hotels TH,Google Search,13,9766.529666609013,1804.6025671106224
Google Search - Hotels TH,Google Search,14,4291.770098801427,852.9571257739581
Google Search - Hotels TH,Google Search,15,4898.573106967218,999.5652502506134
Google Search - Hotels TH,Google Search,16,2956.3230035692914,849.4272245064532
Google Search - Hotels TH,Google Search,17,10819.925017714611,1774.3863988251499
Google Search - Hotels TH,Google Search,18,9588.544508890584,1854.4919297983204
Google Search - Hotels TH,Google Search,19,9995.205316947013,1563.6420242643264
Google Search - Hotels TH,Google Search,20,10757.43129389787,1799.264707665254
Google Search - Hotels TH,Google Search,21,7511.23533486135,1270.0908826618102
Google Search - Hotels TH,Google Search,22,8619.066755333553,1509.206755697757
Google Search - Hotels TH,Google Search,23,4292.219125829109,1051.8219871086692
Google Search - Hotels TH,Google Search,24,4037.3465029362405,739.5441000224357
Google Search - Hotels TH,Google Search,25,9624.375318668503,1793.0687573028463
Google Search - Hotels TH,Google Search,26,7634.101823220198,1481.8865645295768
Google Search - Hotels TH,Google Search,27,8583.71020278257,1459.3730326271152
Google Search - Hotels TH,Google Search,28,10598.757823727059,1533.8659468212588
Google Search - Hotels TH,Google Search,29,9284.591465155152,1672.8732328617307
Google Search - Hotels TH,Google Search,30,8466.12663313731,1456.1886628264788
Google Search - Hotels TH,Google Search,31,8522.894997220847,1603.3584160615876
Google Search - Hotels TH,Google Search,32,5948.064932650692,1206.2380569221657
Google Search - Hotels TH,Google Search,33,3192.9240708908446,931.1029684294357
Google Search - Hotels TH,Google Search,34,7287.315683648405,1353.3068076479422
Google Search - Hotels TH,Google Search,35,5046.617657380097,945.1504000209085
Google Search - Hotels TH,Google Search,36,7002.970057114247,1382.778630140976
Google Search - Hotels TH,Google Search,37,11490.509183781307,1985.665713697016
Google Search - Hotels TH,Google Search,38,5241.853605019355,1292.881649337367
Google Search - Hotels TH,Google Search,39,3470.169936034005,901.802234259078
Google Search - Hotels TH,Google Search,40,5720.435008738005,1220.8887011167596
Google Search - Hotels TH,Google Search,41,5843.5984153578365,1415.8174736804867
Google Search - Hotels TH,Google Search,42,9558.945203881456,1468.4810376978692
Google Search - Hotels TH,Google Search,43,8500.955243739396,1441.3079593752148
Google Search - Hotels TH,Google Search,44,10789.399439758528,1653.642738721073
Google Search - Hotels TH,Google Search,45,9583.12449011481,1619.1869156839693
Google Search - Hotels TH,Google Search,46,6981.365462279132,1144.7109386890577
Google Search - Hotels TH,Google Search,47,11093.247969652306,2034.8224750228444
Google Search - Hotels TH,Google Search,48,4566.348192802758,968.1677595871557
Google Search - Hotels TH,Google Search,49,3111.159601703031,632.0438266894394
Google Search - Hotels TH,Google Search,50,3790.389428370043,769.6542814953182
Google Search - Hotels TH,Google Search,51,10168.644419836965,1838.730118706834
Google Search - Hotels TH,Google Search,52,7541.1081326984595,1578.5830246683486
Google Search - Hotels SG,Google Search,1,8697.39024944667,769.8299162439289
Google Search - Hotels SG,Google Search,2,8742.980688356403,779.033379925591
Google Search - Hotels SG,Google Search,3,13777.820549065265,815.823275648068
Google Search - Hotels SG,Google Search,4,9655.327585352681,642.357372968218
Google Search - Hotels SG,Google Search,5,8549.100008415142,744.7520407959274
Google Search - Hotels SG,Google Search,6,6223.628425837178,451.78369198765915
Google Search - Hotels SG,Google Search,7,6950.989059100619,495.4165914389983
Google Search - Hotels SG,Google Search,8,9080.40959610424,700.1332744661005
Google Search - Hotels SG,Google Search,9,8159.731149011565,579.513155948416
Google Search - Hotels SG,Google Search,10,3460.6837143597745,361.8338223274387
Google Search - Hotels SG,Google Search,11,12521.873199691381,771.5737271925655
Google Search - Hotels SG,Google Search,12,13308.639355337438,850.0847131365551
Google Search - Hotels SG,Google Search,13,4796.609333958411,522.038317686251
Google Search - Hotels SG,Google Search,14,9456.105820992265,671.4319990814678
Google Search - Hotels SG,Google Search,15,4439.947975219346,454.6269145191723
Google Search - Hotels SG,Google Search,16,10787.154923202645,562.2880355295368
Google Search - Hotels SG,Google Search,17,6384.183626402046,520.9098468893668
Google Search - Hotels SG,Google Search,18,10642.822466472895,644.6557503023251
Google Search - Hotels SG,Google Search,19,11403.724476552496,642.4751921852355
Google Search - Hotels SG,Google Search,20,11872.761472431923,685.766356324954
Google Search - Hotels SG,Google Search,21,4430.5476685548165,403.763910549304
Google Search - Hotels SG,Google Search,22,13532.174638232817,920.3826510508047
Google Search - Hotels SG,Google Search,23,5809.669408560259,422.13953661942446
Google Search - Hotels SG,Google Search,24,3638.6067861091756,374.5544263976079
Google Search - Hotels SG,Google Search,25,9465.298151684958,627.0515209379031
Google Search - Hotels SG,Google Search,26,7394.131246079618,550.4576477266645
Google Search - Hotels SG,Google Search,27,12561.260790181012,889.1553674445369
Google Search - Hotels SG,Google Search,28,12318.726623687797,831.0969045247444
Google Search - Hotels SG,Google Search,29,6788.497215578868,638.4070382406094
Google Search - Hotels SG,Google Search,30,13947.551116153252,824.3456025643308
Google Search - Hotels SG,Google Search,31,6493.232028233714,486.9362702136337
Google Search - Hotels SG,Google Search,32,9017.178169099472,628.2828810712546
Google Search - Hotels SG,Google Search,33,6099.642613728717,524.7921450958368
Google Search - Hotels SG,Google Search,34,13757.744169298385,850.6907587951179
Google Search - Hotels SG,Google Search,35,5070.903585113882,400.32753707939565
Google Search - Hotels SG,Google Search,36,3723.039585134285,382.51452003659705
Google Search - Hotels SG,Google Search,37,8116.778657839288,622.4993735164461
Google Search - Hotels SG,Google Search,38,14392.077035207289,1157.6703556962273
Google Search - Hotels SG,Google Search,39,13258.152327546246,1020.2002835450093
Google Search - Hotels SG,Google Search,40,11647.104699200137,679.8983621746396
Google Search - Hotels SG,Google Search,41,13248.189213154768,786.5003148251907
Google Search - Hotels SG,Google Search,42,13278.07655971158,683.9099553945913
Google Search - Hotels SG,Google Search,43,9059.982367581613,602.9457652102445
Google Search - Hotels SG,Google Search,44,6774.8736626187765,564.0530608376752
Google Search - Hotels SG,Google Search,45,11910.652766608144,882.3078344960954
Google Search - Hotels SG,Google Search,46,10668.030798644197,654.480653231649
Google Search - Hotels SG,Google Search,47,7424.934037710324,530.6393118982669
Google Search - Hotels SG,Google Search,48,4281.071143037424,318.1537237498657
Google Search - Hotels SG,Google Search,49,11626.628306577675,737.8573364281268
Google Search - Hotels SG,Google Search,50,6172.785094365881,451.96642443435604
Google Search - Hotels SG,Google Search,51,13766.410118428843,781.8846574801238
Google Search - Hotels SG,Google Search,52,5930.795155068786,451.1207136017788
Google Search - Flights,Google Search,1,11239.985486317768,2007.8800841945695
Google Search - Flights,Google Search,2,13823.997602230995,2461.8817948853048
Google Search - Flights,Google Search,3,8866.059149818315,2066.465419147716
Google Search - Flights,Google Search,4,6395.955318000571,996.1791300016318
Google Search - Flights,Google Search,5,6261.969082752713,1296.7480994032271
Google Search - Flights,Google Search,6,12367.804720504813,2271.0932311426454
Google Search - Flights,Google Search,7,13213.573752131946,2421.1526429993346
Google Search - Flights,Google Search,8,4687.005268744729,1026.5757838096736
Google Search - Flights,Google Search,9,4222.860140321977,803.9549215093072
Google Search - Flights,Google Search,10,10550.738172207182,2052.7548119140865
Google Search - Flights,Google Search,11,5177.234407726568,1423.045221963508
Google Search - Flights,Google Search,12,13310.617358337864,1954.5360558032123
Google Search - Flights,Google Search,13,7145.112949183674,1633.881876084793
Google Search - Flights,Google Search,14,5149.647531945063,1107.4767913238443
Google Search - Flights,Google Search,15,14465.085043753694,2482.538219392023
Google Search - Flights,Google Search,16,5409.293391262087,1053.457038954782
Google Search - Flights,Google Search,17,6838.059061964048,1369.1617790062123
Google Search - Flights,Google Search,18,5266.4229188208,1369.3571378113052
Google Search - Flights,Google Search,19,4809.421014274666,1173.6604308021106
Google Search - Flights,Google Search,20,3678.4995134111873,1101.7456179523222
Google Search - Flights,Google Search,21,4089.038758573707,1115.9605444522285
Google Search - Flights,Google Search,22,5518.496131706798,1279.0476256174684
Google Search - Flights,Google Search,23,4064.9022895045714,1189.169363545958
Google Search - Flights,Google Search,24,10511.301255771948,2074.441347091829
Google Search - Flights,Google Search,25,11585.02655041308,2338.167886611572
Google Search - Flights,Google Search,26,8143.617799236783,1568.1269379864043
Google Search - Flights,Google Search,27,7236.894012529214,1499.0985447409687
Google Search - Flights,Google Search,28,9472.976507500593,1674.0787515399325
Google Search - Flights,Google Search,29,13914.07509714639,2735.3053028152294
Google Search - Flights,Google Search,30,13627.894688079663,2076.1170633504576
Google Search - Flights,Google Search,31,3946.1440761597046,1036.2534503419424
Google Search - Flights,Google Search,32,5600.693408329589,1199.1866460565523
Google Search - Flights,Google Search,33,6262.958145367256,1535.6440710198776
Google Search - Flights,Google Search,34,6414.512060197055,1486.537249529817
Google Search - Flights,Google Search,35,10272.616973113596,2406.6883277530587
Google Search - Flights,Google Search,36,8414.917616528619,1818.0394093747736
Google Search - Flights,Google Search,37,4015.4203006601006,791.4774244787943
Google Search - Flights,Google Search,38,7903.672987178396,1576.1585206139946
Google Search - Flights,Google Search,39,9703.455941251179,1610.1936579711435
Google Search - Flights,Google Search,40,4643.776367479557,1001.7122444985101
Google Search - Flights,Google Search,41,13416.03943534809,2833.4197207605375
Google Search - Flights,Google Search,42,4047.879303457472,1038.043180581002
Google Search - Flights,Google Search,43,14511.493254077695,2305.2123100201893
Google Search - Flights,Google Search,44,4613.1033189435175,939.2107096705397
Google Search - Flights,Google Search,45,13537.309347520097,2388.8792183619926
Google Search - Flights,Google Search,46,14245.506803793804,2136.509070146995
Google Search - Flights,Google Search,47,15167.552683271228,2390.955861373711
Google Search - Flights,Google Search,48,13039.241524828269,2401.7506282929226
Google Search - Flights,Google Search,49,12768.944211235152,2616.069471417652
Google Search - Flights,Google Search,50,11126.730967867996,2209.503052487625
Google Search - Flights,Google Search,51,12763.176011082456,1729.3432204716921
Google Search - Flights,Google Search,52,5037.927708354461,1175.354787040082
Google Search - Brand,Google Search,1,10237.896779015342,960.9302040075956
Google Search - Brand,Google Search,2,10582.41194193824,918.9469146462146
Google Search - Brand,Google Search,3,7587.120175050241,785.9606170007031
Google Search - Brand,Google Search,4,8635.064593018957,806.7351062287989
Google Search - Brand,Google Search,5,11869.823379529871,1043.0783072665329
Google Search - Brand,Google Search,6,3954.634614880565,419.4285703405787
Google Search - Brand,Google Search,7,3928.982048725154,444.6927998440239
Google Search - Brand,Google Search,8,3642.275105396926,441.4031224390129
Google Search - Brand,Google Search,9,9203.413707256008,905.2365405458171
Google Search - Brand,Google Search,10,6869.7819319524915,638.7454723086231
Google Search - Brand,Google Search,11,10339.316460054455,946.7635068190598
Google Search - Brand,Google Search,12,9333.803003012843,802.3914320221273
Google Search - Brand,Google Search,13,6041.001045836817,603.9052633580422
Google Search - Brand,Google Search,14,11549.22086682457,1060.8876426833438
Google Search - Brand,Google Search,15,10224.326952110205,694.7690726085747
Google Search - Brand,Google Search,16,5425.512343273349,486.5607739292361
Google Search - Brand,Google Search,17,6339.019458838435,530.1092259729951
Google Search - Brand,Google Search,18,5853.750840012494,452.88305129976237
Google Search - Brand,Google Search,19,4324.087502012555,447.6682771023267
Google Search - Brand,Google Search,20,4228.2250169104,523.1226025064582
Google Search - Brand,Google Search,21,11917.53116034469,948.5379157926633
Google Search - Brand,Google Search,22,7057.987597767933,698.7193022598808
Google Search - Brand,Google Search,23,6525.587164803709,736.4081021873278
Google Search - Brand,Google Search,24,9903.951213312834,1012.2920026599692
Google Search - Brand,Google Search,25,8180.536470459967,749.6918153927288
Google Search - Brand,Google Search,26,11917.653310989233,1154.6416000375045
Google Search - Brand,Google Search,27,10397.644605404805,902.771096863855
Google Search - Brand,Google Search,28,7462.4317163178275,641.4309307824783
Google Search - Brand,Google Search,29,6457.697702284773,597.343056188065
Google Search - Brand,Google Search,30,12410.135023347428,845.1851480178779
Google Search - Brand,Google Search,31,9787.633210349753,769.6024022529064
Google Search - Brand,Google Search,32,12064.492733271885,948.2826096112663
Google Search - Brand,Google Search,33,3942.393556580041,501.56462829999583
Google Search - Brand,Google Search,34,11082.671334253631,1147.3277604655514
Google Search - Brand,Google Search,35,9000.639219484008,684.3077812691592
Google Search - Brand,Google Search,36,3975.976682130786,480.2606635990415
Google Search - Brand,Google Search,37,8524.501602329354,686.5509176929248
Google Search - Brand,Google Search,38,9478.791931708389,886.3922972769983
Google Search - Brand,Google Search,39,2906.7811343278026,362.8745217947015
Google Search - Brand,Google Search,40,7218.084810473346,556.336625908743
Google Search - Brand,Google Search,41,10837.519103626046,1027.175918963282
Google Search - Brand,Google Search,42,5667.640098351721,544.9217612107651
Google Search - Brand,Google Search,43,7259.344315998313,652.6039075514965
Google Search - Brand,Google Search,44,7101.00248367647,602.6648364569671
Google Search - Brand,Google Search,45,5731.706257253683,545.951459833684
Google Search - Brand,Google Search,46,11745.030665727301,1022.8363996301283
Google Search - Brand,Google Search,47,10407.325600940154,873.3622767472532
Google Search - Brand,Google Search,48,3865.434898170904,467.3407956128447
Google Search - Brand,Google Search,49,12511.604319514943,1060.2952187625488
Google Search - Brand,Google Search,50,11362.275514941539,1112.6184567457924
Google Search - Brand,Google Search,51,5555.954003815017,554.6259643067824
Google Search - Brand,Google Search,52,10949.658561769242,775.1797028332937
Bing Search - Hotels TH,Bing Search,1,12185.055449450845,159.20872705524337
Bing Search - Hotels TH,Bing Search,2,11560.121105318362,185.72823721550606
Bing Search - Hotels TH,Bing Search,3,15162.645952474408,173.58628587334283
Bing Search - Hotels TH,Bing Search,4,5368.07121419842,111.57236934767585
Bing Search - Hotels TH,Bing Search,5,9818.210696017364,210.4698307394678
Bing Search - Hotels TH,Bing Search,6,8528.370561525546,185.87611333576444
Bing Search - Hotels TH,Bing Search,7,9395.54385274831,160.4671523375419
Bing Search - Hotels TH,Bing Search,8,5006.763567687402,107.78387078914787
Bing Search - Hotels TH,Bing Search,9,5190.710687539059,92.02963924375338
Bing Search - Hotels TH,Bing Search,10,6970.957344239819,141.88991150567895
Bing Search - Hotels TH,Bing Search,11,7300.211291230111,207.06024667770578
Bing Search - Hotels TH,Bing Search,12,8823.495690218717,178.80120227532126
Bing Search - Hotels TH,Bing Search,13,11087.234776879272,177.1925315120958
Bing Search - Hotels TH,Bing Search,14,11379.550050186079,202.91020373592178
Bing Search - Hotels TH,Bing Search,15,8624.522864215294,139.17857736268436
Bing Search - Hotels TH,Bing Search,16,8587.085908209878,161.62729758436683
Bing Search - Hotels TH,Bing Search,17,6223.562538439025,145.1017878805952
Bing Search - Hotels TH,Bing Search,18,10806.792746157129,185.24517610081494
Bing Search - Hotels TH,Bing Search,19,7452.743084031366,171.99129098221877
Bing Search - Hotels TH,Bing Search,20,3978.563534911547,120.39378569171971
Bing Search - Hotels TH,Bing Search,21,8705.994121922304,182.69403850825856
Bing Search - Hotels TH,Bing Search,22,9395.098059621534,161.06359735777596
Bing Search - Hotels TH,Bing Search,23,6322.037327838328,160.90563337211867
Bing Search - Hotels TH,Bing Search,24,10610.836870986532,225.5737100703486
Bing Search - Hotels TH,Bing Search,25,10528.167681012133,164.51127421941612
Bing Search - Hotels TH,Bing Search,26,12212.581663939392,178.4933113840279
Bing Search - Hotels TH,Bing Search,27,11544.236815656819,226.82696198623012
Bing Search - Hotels TH,Bing Search,28,11599.686159621788,189.28356958866374
Bing Search - Hotels TH,Bing Search,29,7442.5206485792805,184.99758524135117
Bing Search - Hotels TH,Bing Search,30,13268.878066591093,195.98423945898014
Bing Search - Hotels TH,Bing Search,31,10322.5773987775,217.99630328978398
Bing Search - Hotels TH,Bing Search,32,8866.956541626978,172.81813557064285
Bing Search - Hotels TH,Bing Search,33,11273.00998511593,197.0383495485162
Bing Search - Hotels TH,Bing Search,34,7992.036643764496,195.20585576552696
Bing Search - Hotels TH,Bing Search,35,9872.447480049474,171.5589578767517
Bing Search - Hotels TH,Bing Search,36,12641.671824971472,180.3352419422573
Bing Search - Hotels TH,Bing Search,37,14492.596983953996,204.3667410976139
Bing Search - Hotels TH,Bing Search,38,14921.078853070083,230.92568386694194
Bing Search - Hotels TH,Bing Search,39,9759.852749319834,147.6594407942999
Bing Search - Hotels TH,Bing Search,40,9965.62445189229,194.29406502954066
Bing Search - Hotels TH,Bing Search,41,13422.669565774786,194.81521633762995
Bing Search - Hotels TH,Bing Search,42,7420.7164153205185,179.14664595006184
Bing Search - Hotels TH,Bing Search,43,13886.484625507777,158.50712226363538
Bing Search - Hotels TH,Bing Search,44,9642.498205082647,161.1876650135706
Bing Search - Hotels TH,Bing Search,45,4965.209064365453,105.00700978117727
Bing Search - Hotels TH,Bing Search,46,4423.675631478189,110.11013965840444
Bing Search - Hotels TH,Bing Search,47,13943.495284043613,218.06853707049265
Bing Search - Hotels TH,Bing Search,48,4219.77046040276,116.31829952565141
Bing Search - Hotels TH,Bing Search,49,7002.312261424733,147.23546381067126
Bing Search - Hotels TH,Bing Search,50,7664.0409541579165,155.54688535193773
Bing Search - Hotels TH,Bing Search,51,5671.686181520899,140.47911486710723
Bing Search - Hotels TH,Bing Search,52,7413.8254299406235,138.24039788265335
Bing Search - Hotels SG,Bing Search,1,7046.073776661127,1176.424610083179
Bing Search - Hotels SG,Bing Search,2,5329.291013655889,1106.7672407026712
Bing Search - Hotels SG,Bing Search,3,9649.808265612413,1653.4111665365372
Bing Search - Hotels SG,Bing Search,4,6559.781572702467,956.3365169729437
Bing Search - Hotels SG,Bing Search,5,9002.175301451165,1617.2156188994952
Bing Search - Hotels SG,Bing Search,6,9714.157589503599,1506.5119975036546
Bing Search - Hotels SG,Bing Search,7,6749.491482289398,1410.3647061287897
Bing Search - Hotels SG,Bing Search,8,10205.41731733337,1557.1196463087156
Bing Search - Hotels SG,Bing Search,9,7452.4619646994115,1212.8067534030668
Bing Search - Hotels SG,Bing Search,10,9699.290732300768,1720.8619304659
Bing Search - Hotels SG,Bing Search,11,5347.5141857339695,1103.1659154683423
Bing Search - Hotels SG,Bing Search,12,6698.479835113008,1269.5748373410277
Bing Search - Hotels SG,Bing Search,13,6976.774429230694,1014.9669233800994
Bing Search - Hotels SG,Bing Search,14,3335.821116981203,739.1112616930682
Bing Search - Hotels SG,Bing Search,15,5842.402510356845,953.6763226480888
Bing Search - Hotels SG,Bing Search,16,10271.89081651569,1735.8894273576434
Bing Search - Hotels SG,Bing Search,17,7825.651900945746,1147.0072761944348
Bing Search - Hotels SG,Bing Search,18,3955.069561949364,836.4891929390718
Bing Search - Hotels SG,Bing Search,19,5332.6990534688985,911.7817041318583
Bing Search - Hotels SG,Bing Search,20,4075.42759002189,696.0802793075172
Bing Search - Hotels SG,Bing Search,21,2651.428664587775,629.4243759729462
Bing Search - Hotels SG,Bing Search,22,10358.321125154542,1748.7755895303972
Bing Search - Hotels SG,Bing Search,23,6266.365001773338,1060.1968063471406
Bing Search - Hotels SG,Bing Search,24,5065.278013856407,1147.813515686686
Bing Search - Hotels SG,Bing Search,25,7549.3982226028465,1254.4300326423777
Bing Search - Hotels SG,Bing Search,26,2501.9361992797026,553.9466651434616
Bing Search - Hotels SG,Bing Search,27,4813.2905909596675,956.5711813499937
Bing Search - Hotels SG,Bing Search,28,8442.119958169156,1341.3258549060643
Bing Search - Hotels SG,Bing Search,29,7850.733124581566,1443.5036782193204
Bing Search - Hotels SG,Bing Search,30,10822.33344477067,1649.6905965919552
Bing Search - Hotels SG,Bing Search,31,7736.218327412872,1283.3970841880791
Bing Search - Hotels SG,Bing Search,32,6516.521661312798,1386.2889370335085
Bing Search - Hotels SG,Bing Search,33,8940.7427724446,1334.5133640848564
Bing Search - Hotels SG,Bing Search,34,10152.27242347085,1251.6744899018183
Bing Search - Hotels SG,Bing Search,35,8592.925644768235,1777.7428499924772
Bing Search - Hotels SG,Bing Search,36,10663.568086958321,2360.3842423724027
Bing Search - Hotels SG,Bing Search,37,9116.39568348931,1462.5820404463905
Bing Search - Hotels SG,Bing Search,38,9840.402652321696,1292.9168449989113
Bing Search - Hotels SG,Bing Search,39,3413.7266310706136,679.8674382178102
Bing Search - Hotels SG,Bing Search,40,8692.972411552226,1428.8173454701343
Bing Search - Hotels SG,Bing Search,41,6197.046575984412,1105.764469635739
Bing Search - Hotels SG,Bing Search,42,7161.99143099635,1109.8875317509564
Bing Search - Hotels SG,Bing Search,43,8024.337115508313,1487.9440700756172
Bing Search - Hotels SG,Bing Search,44,10719.95340680942,1858.9651055542745
Bing Search - Hotels SG,Bing Search,45,10846.002461259806,1472.5601024663542
Bing Search - Hotels SG,Bing Search,46,4900.432583112281,1021.6662225321128
Bing Search - Hotels SG,Bing Search,47,8704.413543857652,1893.7462631489823
Bing Search - Hotels SG,Bing Search,48,8842.98877561799,1530.1581071558728
Bing Search - Hotels SG,Bing Search,49,5397.907166907269,973.9235469361428
Bing Search - Hotels SG,Bing Search,50,3497.1081020571114,707.1303981167587
Bing Search - Hotels SG,Bing Search,51,2789.0970376170862,647.4500487373351
Bing Search - Hotels SG,Bing Search,52,9076.590254891084,1243.203749712627
Bing Search - Flights,Bing Search,1,16170.12289644623,2449.0895692866484
Bing Search - Flights,Bing Search,2,28640.325313851183,3710.119050218514
Bing Search - Flights,Bing Search,3,18663.246940865916,2974.11196954922
Bing Search - Flights,Bing Search,4,10017.594928254832,2229.7314488468105
Bing Search - Flights,Bing Search,5,15526.482581082993,2593.081366832004
Bing Search - Flights,Bing Search,6,8415.08372401216,1521.5764015594789
Bing Search - Flights,Bing Search,7,11629.928152886137,2156.3245492415645
Bing Search - Flights,Bing Search,8,7234.717186752025,1752.5516131244908
Bing Search - Flights,Bing Search,9,17622.651499886004,2600.9126663652223
Bing Search - Flights,Bing Search,10,21945.131895454913,3067.484718396044
Bing Search - Flights,Bing Search,11,14999.80200048476,2785.8611284395465
Bing Search - Flights,Bing Search,12,16838.135812888286,2755.9692482014684
Bing Search - Flights,Bing Search,13,29687.45079560759,4591.954873886467
Bing Search - Flights,Bing Search,14,24745.291997103184,3722.9693769617606
Bing Search - Flights,Bing Search,15,19711.07657720965,3446.6772944107925
Bing Search - Flights,Bing Search,16,13598.76428683233,2144.8574287562224
Bing Search - Flights,Bing Search,17,28203.88198515701,4089.535798900836
Bing Search - Flights,Bing Search,18,12419.688568049352,2218.9302136136666
Bing Search - Flights,Bing Search,19,14571.758223988802,2205.343471278785
Bing Search - Flights,Bing Search,20,28491.66561520041,3419.646353669568
Bing Search - Flights,Bing Search,21,19441.25994148835,3406.3001080943163
Bing Search - Flights,Bing Search,22,24515.28544621442,3551.446047378017
Bing Search - Flights,Bing Search,23,20900.749792512594,2922.7397389136727
Bing Search - Flights,Bing Search,24,22395.811351189,3432.0193735907646
Bing Search - Flights,Bing Search,25,13952.708513867501,2832.196020011921
Bing Search - Flights,Bing Search,26,12569.325959125621,1745.7763071159966
Bing Search - Flights,Bing Search,27,14503.785684782719,2125.1533119097703
Bing Search - Flights,Bing Search,28,10520.158040245393,1808.7694170082382
Bing Search - Flights,Bing Search,29,27662.97839047638,4813.1429498841435
Bing Search - Flights,Bing Search,30,13567.907906062737,2508.2003339957078
Bing Search - Flights,Bing Search,31,20203.101945305814,3535.8446364208876
Bing Search - Flights,Bing Search,32,25699.43379780331,3341.580516555008
Bing Search - Flights,Bing Search,33,25505.07479752717,3331.6922393517034
Bing Search - Flights,Bing Search,34,17267.485326423248,3040.8265222177024
Bing Search - Flights,Bing Search,35,18170.588915232896,3009.8972708407337
Bing Search - Flights,Bing Search,36,30533.83299337822,4630.17637516302
Bing Search - Flights,Bing Search,37,22900.368466320477,3449.1591225802194
Bing Search - Flights,Bing Search,38,26239.89824148951,4021.078880667995
Bing Search - Flights,Bing Search,39,28336.40275163399,4187.961728722722
Bing Search - Flights,Bing Search,40,25594.87535588926,4194.082814036189
Bing Search - Flights,Bing Search,41,11229.30913653839,2332.563036842065
Bing Search - Flights,Bing Search,42,20219.349712080875,2656.6486162667775
Bing Search - Flights,Bing Search,43,9243.223410199773,1406.3771989757217
Bing Search - Flights,Bing Search,44,22383.48058633808,3913.7860341734768
Bing Search - Flights,Bing Search,45,29595.40582823702,4888.620016356228
Bing Search - Flights,Bing Search,46,19040.39534477501,2734.4655472335076
Bing Search - Flights,Bing Search,47,17138.384304741736,2292.9407378134624
Bing Search - Flights,Bing Search,48,7668.108336628913,1630.2531008964581
Bing Search - Flights,Bing Search,49,29700.930190504776,4752.32256021694
Bing Search - Flights,Bing Search,50,9269.65823430435,2289.758880985816
Bing Search - Flights,Bing Search,51,7792.97836663289,1733.9099054201888
Bing Search - Flights,Bing Search,52,12681.275980121422,2209.2084946803693
Bing Search - Brand,Bing Search,1,11513.184645703897,1750.3889327853196
Bing Search - Brand,Bing Search,2,5447.627075352434,1207.5771994347126
Bing Search - Brand,Bing Search,3,12151.815468032462,2169.5976324542185
Bing Search - Brand,Bing Search,4,7467.306449544179,1699.6351959180815
Bing Search - Brand,Bing Search,5,8970.177195991337,1898.1846045444847
Bing Search - Brand,Bing Search,6,12816.209720176616,2120.730346170975
Bing Search - Brand,Bing Search,7,6529.8588363272165,1138.0937574595198
Bing Search - Brand,Bing Search,8,11086.111477201264,1866.7139130474384
Bing Search - Brand,Bing Search,9,6094.666706302434,1290.0933312023913
Bing Search - Brand,Bing Search,10,10945.417451612439,1875.660728850196
Bing Search - Brand,Bing Search,11,8943.0334232177,1548.6065994149797
Bing Search - Brand,Bing Search,12,5065.190043992288,1132.9547904411536
Bing Search - Brand,Bing Search,13,7059.410317675213,1316.1710387229652
Bing Search - Brand,Bing Search,14,6086.9642166257645,1164.5816185005108
Bing Search - Brand,Bing Search,15,3670.466429719963,903.3139822206422
Bing Search - Brand,Bing Search,16,3183.452499806312,747.8734582254422
Bing Search - Brand,Bing Search,17,6377.950311343804,1337.6089064644477
Bing Search - Brand,Bing Search,18,3074.4891948296145,790.7668401296579
Bing Search - Brand,Bing Search,19,4552.003075855532,887.1783260251774
Bing Search - Brand,Bing Search,20,10198.555354148044,1723.2536445951957
Bing Search - Brand,Bing Search,21,10026.11991106829,2142.8382743242605
Bing Search - Brand,Bing Search,22,10333.713172589649,1603.2939322381244
Bing Search - Brand,Bing Search,23,6082.096831480047,973.5084476659936
Bing Search - Brand,Bing Search,24,11861.523442274358,1629.1756565343014
Bing Search - Brand,Bing Search,25,8873.387982249678,1656.2018240725945
Bing Search - Brand,Bing Search,26,4153.892098903805,955.3933792843708
Bing Search - Brand,Bing Search,27,4332.383076350737,967.5887507228366
Bing Search - Brand,Bing Search,28,9874.83299074767,2063.2364195628284
Bing Search - Brand,Bing Search,29,4627.22558340069,746.8931808147759
Bing Search - Brand,Bing Search,30,8000.341086618776,1605.5125297650118
Bing Search - Brand,Bing Search,31,12888.090510162287,2609.2324652920324
Bing Search - Brand,Bing Search,32,2922.892207726364,644.3351728883016
Bing Search - Brand,Bing Search,33,3049.7282471727294,726.8923172574315
Bing Search - Brand,Bing Search,34,12901.307663405449,1977.9871658083673
Bing Search - Brand,Bing Search,35,8780.656332336244,1471.2235641907982
Bing Search - Brand,Bing Search,36,4162.8067386030725,916.7329149291811
Bing Search - Brand,Bing Search,37,11934.99621877018,2428.4944929655885
Bing Search - Brand,Bing Search,38,11764.277711854742,2524.4232311256787
Bing Search - Brand,Bing Search,39,8291.979818651556,1509.2019129961257
Bing Search - Brand,Bing Search,40,9155.480568480792,2121.947669609205
Bing Search - Brand,Bing Search,41,5638.541050919549,1193.0459324210074
Bing Search - Brand,Bing Search,42,3392.134728564764,1014.3021577179571
Bing Search - Brand,Bing Search,43,8880.823904499286,1633.0432383711145
Bing Search - Brand,Bing Search,44,5856.132286477463,1240.3870326551694
Bing Search - Brand,Bing Search,45,9577.47735675073,1822.591235733495
Bing Search - Brand,Bing Search,46,11319.01550630402,2883.517402966781
Bing Search - Brand,Bing Search,47,3065.675742600889,845.8070790619681
Bing Search - Brand,Bing Search,48,8892.387128339195,1518.484674903054
Bing Search - Brand,Bing Search,49,5215.761032986262,1261.124664494684
Bing Search - Brand,Bing Search,50,11698.784427570996,1931.0389546266654
Bing Search - Brand,Bing Search,51,5441.5842258965,1091.6481620394547
Bing Search - Brand,Bing Search,52,9044.284912153988,1866.18940507625
Meta Display - Prospecting,Social Display,1,6903.997655252887,255.77243727346294
Meta Display - Prospecting,Social Display,2,7080.01348686558,196.85319882948863
Meta Display - Prospecting,Social Display,3,4341.012040511534,136.21140628318543
Meta Display - Prospecting,Social Display,4,4671.806495120506,166.03201973751956
Meta Display - Prospecting,Social Display,5,10104.964390971214,211.9605914121553
Meta Display - Prospecting,Social Display,6,6511.076191478677,177.30050991417332
Meta Display - Prospecting,Social Display,7,12920.3878999574,285.66373163549684
Meta Display - Prospecting,Social Display,8,5512.521325014263,191.0135573672474
Meta Display - Prospecting,Social Display,9,4005.8291105707867,141.60283188851122
Meta Display - Prospecting,Social Display,10,10822.967458818694,280.90204804998376
Meta Display - Prospecting,Social Display,11,12151.146943089338,303.5959064349213
Meta Display - Prospecting,Social Display,12,5871.99533152856,219.0480202248655
Meta Display - Prospecting,Social Display,13,5080.228646025047,182.8731346803706
Meta Display - Prospecting,Social Display,14,4910.243165602265,198.74720900928423
Meta Display - Prospecting,Social Display,15,8412.086230356128,175.7603618833099
Meta Display - Prospecting,Social Display,16,7853.91305429473,204.93523249664662
Meta Display - Prospecting,Social Display,17,5677.519579605684,163.40436654526385
Meta Display - Prospecting,Social Display,18,3446.0341018882013,143.66825931522436
Meta Display - Prospecting,Social Display,19,7990.079794194046,200.49205130143338
Meta Display - Prospecting,Social Display,20,12966.565429529715,267.4674362746903
Meta Display - Prospecting,Social Display,21,9771.253192112825,297.3152485930412
Meta Display - Prospecting,Social Display,22,8136.041571307822,212.28723240118995
Meta Display - Prospecting,Social Display,23,4128.3827148476785,162.75621324609855
Meta Display - Prospecting,Social Display,24,5604.580961991664,175.21220917342637
Meta Display - Prospecting,Social Display,25,6045.507439101318,188.75135242625498
Meta Display - Prospecting,Social Display,26,10940.641033528294,251.03454425747174
Meta Display - Prospecting,Social Display,27,12106.101483780029,278.31614845162585
Meta Display - Prospecting,Social Display,28,12365.746515625176,306.52415179395325
Meta Display - Prospecting,Social Display,29,13229.389018379976,335.81278534837276
Meta Display - Prospecting,Social Display,30,13206.457020722515,285.7628989238457
Meta Display - Prospecting,Social Display,31,12900.60802459348,292.1182988170561
Meta Display - Prospecting,Social Display,32,3723.5709408824246,128.17876459786996
Meta Display - Prospecting,Social Display,33,4410.631483308079,158.34528256296213
Meta Display - Prospecting,Social Display,34,6146.450993509212,211.10886590317915
Meta Display - Prospecting,Social Display,35,8733.748661130938,248.96254937026785
Meta Display - Prospecting,Social Display,36,3985.5560314489517,156.11123245809853
Meta Display - Prospecting,Social Display,37,11784.14862568533,289.45157889336076
Meta Display - Prospecting,Social Display,38,9398.798419665076,246.80366519636974
Meta Display - Prospecting,Social Display,39,8624.04363126168,257.5381647468885
Meta Display - Prospecting,Social Display,40,4697.21608323584,170.9203247431921
Meta Display - Prospecting,Social Display,41,5613.112370143958,172.76617097520634
Meta Display - Prospecting,Social Display,42,4645.150780720334,170.9309699704607
Meta Display - Prospecting,Social Display,43,11848.054214891557,183.57543947339298
Meta Display - Prospecting,Social Display,44,9060.031528902176,239.24358751944214
Meta Display - Prospecting,Social Display,45,10631.59920794047,159.63340891114996
Meta Display - Prospecting,Social Display,46,6058.618419603893,152.2617918360736
Meta Display - Prospecting,Social Display,47,6841.9964050954995,209.93555613898278
Meta Display - Prospecting,Social Display,48,7191.948579050363,215.8482865971678
Meta Display - Prospecting,Social Display,49,10890.770253258639,217.69963979376686
Meta Display - Prospecting,Social Display,50,11019.264790369585,231.1252349219252
Meta Display - Prospecting,Social Display,51,5129.441697219873,203.26255098328124
Meta Display - Prospecting,Social Display,52,12781.254728900356,255.62976420178643
Meta Display - Retargeting,Social Display,1,6852.518711384125,349.95920877697785
Meta Display - Retargeting,Social Display,2,7819.04212035156,434.2942234450696
Meta Display - Retargeting,Social Display,3,8141.8717457886805,425.3946374323054
Meta Display - Retargeting,Social Display,4,3754.071959980191,218.97559870340646
Meta Display - Retargeting,Social Display,5,9123.618256739483,517.9143105725007
Meta Display - Retargeting,Social Display,6,5459.124516620243,300.2381019504715
Meta Display - Retargeting,Social Display,7,6975.511697979717,303.38286945036043
Meta Display - Retargeting,Social Display,8,2172.647906990647,160.68089439474787
Meta Display - Retargeting,Social Display,9,9648.521025332233,398.69543708960725
Meta Display - Retargeting,Social Display,10,4274.121305295286,276.50576906173285
Meta Display - Retargeting,Social Display,11,2623.393515218362,197.65363392779622
Meta Display - Retargeting,Social Display,12,5612.045854199135,311.38573226261565
Meta Display - Retargeting,Social Display,13,3128.5461443442414,244.87474174102533
Meta Display - Retargeting,Social Display,14,3304.280075598733,244.7837130030009
Meta Display - Retargeting,Social Display,15,6924.738897557905,382.63969733958584
Meta Display - Retargeting,Social Display,16,5119.206178999075,322.07367908172813
Meta Display - Retargeting,Social Display,17,9109.053131766423,468.5761246481448
Meta Display - Retargeting,Social Display,18,4562.729257230709,222.00964723386667
Meta Display - Retargeting,Social Display,19,7633.035680734272,374.13256484234887
Meta Display - Retargeting,Social Display,20,5633.4491629461345,250.16984546016255
Meta Display - Retargeting,Social Display,21,7133.450946907818,376.73380160130773
Meta Display - Retargeting,Social Display,22,6678.921534278466,360.1965499929862
Meta Display - Retargeting,Social Display,23,5721.589318052702,371.91395259302976
Meta Display - Retargeting,Social Display,24,9321.83974936258,508.92954470295786
Meta Display - Retargeting,Social Display,25,4740.428184941239,299.83246044621416
Meta Display - Retargeting,Social Display,26,3492.1748682943958,228.86963592021732
Meta Display - Retargeting,Social Display,27,7270.307451493184,402.2115333875348
Meta Display - Retargeting,Social Display,28,8536.931441296296,392.68067398762696
Meta Display - Retargeting,Social Display,29,2458.878649720124,196.34212312226813
Meta Display - Retargeting,Social Display,30,5546.951947856892,362.3822178040252
Meta Display - Retargeting,Social Display,31,8887.545570025715,400.963814818543
Meta Display - Retargeting,Social Display,32,7809.839537039704,436.5654563797083
Meta Display - Retargeting,Social Display,33,9636.74755977102,488.4658117655516
Meta Display - Retargeting,Social Display,34,6163.852508335126,306.08575892697337
Meta Display - Retargeting,Social Display,35,7133.786003282805,421.62128637683463
Meta Display - Retargeting,Social Display,36,4436.935369386613,305.67287958364614
Meta Display - Retargeting,Social Display,37,9302.789151927964,446.2063449829524
Meta Display - Retargeting,Social Display,38,4918.615147272638,273.0987616720511
Meta Display - Retargeting,Social Display,39,7726.049130196687,355.17041896685663
Meta Display - Retargeting,Social Display,40,5196.24461453139,290.08022731601034
Meta Display - Retargeting,Social Display,41,6393.207815462599,374.55966548796835
Meta Display - Retargeting,Social Display,42,7584.776635397805,347.16974990373814
Meta Display - Retargeting,Social Display,43,5994.281411485693,355.66567564438634
Meta Display - Retargeting,Social Display,44,8997.667651197913,372.14210673676774
Meta Display - Retargeting,Social Display,45,5318.150455419534,306.21256206718004
Meta Display - Retargeting,Social Display,46,7036.29683233597,376.92145203472586
Meta Display - Retargeting,Social Display,47,4737.778902305297,392.2764344595924
Meta Display - Retargeting,Social Display,48,5234.085370467985,263.4353862934392
Meta Display - Retargeting,Social Display,49,5474.667551898149,381.089604611592
Meta Display - Retargeting,Social Display,50,3104.2337552743106,230.35537176168478
Meta Display - Retargeting,Social Display,51,2847.132479672643,225.52926392744268
Meta Display - Retargeting,Social Display,52,7190.317127846538,382.31241607005865
YouTube Video - Awareness,Video,1,13985.435686726125,890.526676722238
YouTube Video - Awareness,Video,2,11161.974045443389,632.6908957566534
YouTube Video - Awareness,Video,3,8095.4925322610625,472.5222369727713
YouTube Video - Awareness,Video,4,17677.145774669552,829.0576179395757
YouTube Video - Awareness,Video,5,18391.34068668009,883.9048199104344
YouTube Video - Awareness,Video,6,7274.712266445782,514.8384027154561
YouTube Video - Awareness,Video,7,4704.534130218616,453.8212150400993
YouTube Video - Awareness,Video,8,9977.062829512888,586.4956544338287
YouTube Video - Awareness,Video,9,17379.601115410995,881.4288189198147
YouTube Video - Awareness,Video,10,18048.055749612737,767.0455496619268
YouTube Video - Awareness,Video,11,6803.483629035847,517.797882451589
YouTube Video - Awareness,Video,12,17007.775250694052,834.7518583861261
YouTube Video - Awareness,Video,13,6440.48264402583,434.31898481179337
YouTube Video - Awareness,Video,14,10842.374603099905,624.805460976447
YouTube Video - Awareness,Video,15,20606.090939715003,912.2639564805679
YouTube Video - Awareness,Video,16,7674.076090688396,509.25115791314664
YouTube Video - Awareness,Video,17,7054.328614855782,619.6158643750184
YouTube Video - Awareness,Video,18,11367.629135074869,652.8545662128284
YouTube Video - Awareness,Video,19,14526.243726285707,739.5595576593095
YouTube Video - Awareness,Video,20,19551.839575148017,703.3733887891295
YouTube Video - Awareness,Video,21,20320.688801294906,831.0078904608824
YouTube Video - Awareness,Video,22,5701.425015066937,429.02718558170227
YouTube Video - Awareness,Video,23,6798.164093193076,451.59740487238435
YouTube Video - Awareness,Video,24,17270.93521217075,993.7330155220844
YouTube Video - Awareness,Video,25,8926.195472377152,562.9532701314536
YouTube Video - Awareness,Video,26,18780.88277167716,1031.6047192653677
YouTube Video - Awareness,Video,27,15228.739587211454,788.4810879124392
YouTube Video - Awareness,Video,28,6378.56179147568,474.67152624313115
YouTube Video - Awareness,Video,29,17941.448018245224,851.5779396972939
YouTube Video - Awareness,Video,30,7413.605628943311,515.8392248851144
YouTube Video - Awareness,Video,31,11378.780928345674,812.3991643201575
YouTube Video - Awareness,Video,32,13443.51587806375,551.1788465835504
YouTube Video - Awareness,Video,33,12618.536970598678,551.9788492512255
YouTube Video - Awareness,Video,34,15593.100417127154,743.3981305007784
YouTube Video - Awareness,Video,35,15055.998150257845,778.8614084971048
YouTube Video - Awareness,Video,36,20500.71977272786,1010.1666871059933
YouTube Video - Awareness,Video,37,20619.125245399835,987.4911639142465
YouTube Video - Awareness,Video,38,12870.324416816647,677.9276605259258
YouTube Video - Awareness,Video,39,6111.492750550533,520.9441614405256
YouTube Video - Awareness,Video,40,16261.833465054922,920.0076362718065
YouTube Video - Awareness,Video,41,20253.991518945433,943.9989085698293
YouTube Video - Awareness,Video,42,9691.416634310543,676.0013772214108
YouTube Video - Awareness,Video,43,11983.867922774043,703.7990252416673
YouTube Video - Awareness,Video,44,11399.342196855525,618.5667718115467
YouTube Video - Awareness,Video,45,5409.073883953219,466.99032853939195
YouTube Video - Awareness,Video,46,15370.108806181568,797.3826966547119
YouTube Video - Awareness,Video,47,10253.148951820851,622.3509885222192
YouTube Video - Awareness,Video,48,17218.40454416349,1002.900888888283
YouTube Video - Awareness,Video,49,17934.882531339095,641.2566349885057
YouTube Video - Awareness,Video,50,17760.17139325434,721.7918048013208
YouTube Video - Awareness,Video,51,11269.207962289147,570.0236544339766
YouTube Video - Awareness,Video,52,9743.067999407574,578.3427656962979
Google Display - Remarketing,Display,1,10412.438320747295,2617.503227480494
Google Display - Remarketing,Display,2,18485.21556499883,4756.579277276515
Google Display - Remarketing,Display,3,15436.387244054195,3927.6477758660403
Google Display - Remarketing,Display,4,15155.390171758605,3673.3894140716284
Google Display - Remarketing,Display,5,20184.79327615596,5204.683251922594
Google Display - Remarketing,Display,6,18046.97203518932,6457.9045927291745
Google Display - Remarketing,Display,7,5657.156890771772,2231.4856306514716
Google Display - Remarketing,Display,8,6071.651950208994,2766.6094187885487
Google Display - Remarketing,Display,9,16072.906989777486,5290.554992560008
Google Display - Remarketing,Display,10,13983.050100428974,4966.1816405855125
Google Display - Remarketing,Display,11,9888.935530156612,3103.010677527748
Google Display - Remarketing,Display,12,12759.638615064054,4484.908230804301
Google Display - Remarketing,Display,13,18905.214234478957,6232.222040042087
Google Display - Remarketing,Display,14,20149.732861614964,5598.272248677473
Google Display - Remarketing,Display,15,15342.23325594602,5195.132324314044
Google Display - Remarketing,Display,16,12156.653189519255,4341.843546338672
Google Display - Remarketing,Display,17,10079.361875045834,3284.7942360021616
Google Display - Remarketing,Display,18,14630.232191768286,4092.056432900239
Google Display - Remarketing,Display,19,10877.37746128883,3228.9533504787482
Google Display - Remarketing,Display,20,15394.260663580268,4921.3331067070385
Google Display - Remarketing,Display,21,17433.230260542805,5577.5994280086115
Google Display - Remarketing,Display,22,6372.723862407755,2236.9834671193794
Google Display - Remarketing,Display,23,5195.038918323174,2106.8640128027228
Google Display - Remarketing,Display,24,9021.092956248887,3448.0830854886417
Google Display - Remarketing,Display,25,21379.738639525236,6764.727128985463
Google Display - Remarketing,Display,26,16883.23085024858,6302.325966629874
Google Display - Remarketing,Display,27,8290.756118258723,3515.6211776082864
Google Display - Remarketing,Display,28,21302.794711867245,5554.409708750604
Google Display - Remarketing,Display,29,13688.933216312818,5442.904874722307
Google Display - Remarketing,Display,30,13800.083262878456,4198.9211453391445
Google Display - Remarketing,Display,31,22123.00338319138,7311.052352429226
Google Display - Remarketing,Display,32,6253.300672767687,2444.2556596027334
Google Display - Remarketing,Display,33,9073.646904633466,3078.3514311151694
Google Display - Remarketing,Display,34,15786.92386662561,3997.9404744863523
Google Display - Remarketing,Display,35,8716.931438864649,3071.6252783459913
Google Display - Remarketing,Display,36,17485.3039979415,4458.003054586114
Google Display - Remarketing,Display,37,9053.974328389831,3626.4249771094323
Google Display - Remarketing,Display,38,6971.926037664352,3163.9925846291535
Google Display - Remarketing,Display,39,8925.228983636267,2902.1496414677563
Google Display - Remarketing,Display,40,12833.510446501654,4386.583494897047
Google Display - Remarketing,Display,41,8366.439450389293,2784.2217866392944
Google Display - Remarketing,Display,42,7615.641998342593,2618.9879931362575
Google Display - Remarketing,Display,43,20759.670718732712,6737.491076392896
Google Display - Remarketing,Display,44,10979.683218071445,3731.752754232518
Google Display - Remarketing,Display,45,11710.829722466058,4855.838998309367
Google Display - Remarketing,Display,46,6176.922895702261,2266.412062585604
Google Display - Remarketing,Display,47,11649.436993603229,4425.0176956844025
Google Display - Remarketing,Display,48,9972.672314376157,3520.840016372264
Google Display - Remarketing,Display,49,16234.612229463386,5583.692994266533
Google Display - Remarketing,Display,50,8896.338128572897,3018.957078321659
Google Display - Remarketing,Display,51,21268.403308391695,6218.625552575244
Google Display - Remarketing,Display,52,22016.572164451773,6337.017532559701
